Fecha y Hora,Estado,Valor de Predicciï¿½n
2024-09-30 03:01:29,Estable,0.089035265
2024-09-30 03:01:29,Estable,0.06429846
2024-09-30 03:01:29,Estable,0.053241517
2024-09-30 03:01:30,Estable,0.070818
2024-09-30 03:01:30,Estable,0.075616755
2024-09-30 03:01:30,Estable,0.06395126
2024-09-30 03:01:30,Estable,0.05348386
2024-09-30 03:01:30,Estable,0.059489593
2024-09-30 03:01:30,Estable,0.042302743
2024-09-30 03:01:30,Estable,0.047444396
2024-09-30 03:01:30,Estable,0.04554958
2024-09-30 03:01:30,Estable,0.050290886
2024-09-30 03:01:30,Estable,0.04033513
2024-09-30 03:01:30,Estable,0.044994745
2024-09-30 03:01:30,Estable,0.03577825
2024-09-30 03:01:30,Estable,0.0406402
2024-09-30 03:01:30,Estable,0.034002263
2024-09-30 03:01:30,Estable,0.032644108
2024-09-30 03:01:31,Estable,0.027730938
2024-09-30 03:01:31,Estable,0.02968499
2024-09-30 03:01:31,Estable,0.029531233
2024-09-30 03:01:31,Estable,0.022763072
2024-09-30 03:01:31,Estable,0.020820959
2024-09-30 03:01:31,Estable,0.021470612
2024-09-30 03:01:31,Estable,0.019920824
2024-09-30 03:01:31,Estable,0.01771759
2024-09-30 03:01:31,Estable,0.020239118
2024-09-30 03:01:31,Estable,0.019411134
2024-09-30 03:01:31,Estable,0.018311027
2024-09-30 03:01:31,Estable,0.01699876
2024-09-30 03:01:31,Estable,0.01799724
2024-09-30 03:01:31,Estable,0.016039642
2024-09-30 03:01:31,Estable,0.01604732
2024-09-30 03:01:31,Estable,0.01485438
2024-09-30 03:01:32,Estable,0.017236145
2024-09-30 03:01:32,Estable,0.013772003
2024-09-30 03:01:32,Estable,0.0136456555
2024-09-30 03:01:32,Estable,0.016319476
2024-09-30 03:01:32,Estable,0.01602657
2024-09-30 03:01:32,Estable,0.016923208
2024-09-30 03:01:32,Estable,0.01561418
2024-09-30 03:01:32,Estable,0.015490735
2024-09-30 03:01:32,Estable,0.016090935
2024-09-30 03:01:32,Estable,0.019579086
2024-09-30 03:01:32,Estable,0.017171275
2024-09-30 03:01:32,Estable,0.018610677
2024-09-30 03:01:32,Estable,0.017313255
2024-09-30 03:01:32,Estable,0.018567296
2024-09-30 03:01:32,Estable,0.017934855
2024-09-30 03:01:32,Estable,0.017395057
2024-09-30 03:01:33,Estable,0.02437443
2024-09-30 03:01:33,Estable,0.018673193
2024-09-30 03:01:33,Estable,0.021012107
2024-09-30 03:01:33,Estable,0.029110253
2024-09-30 03:01:33,Estable,0.02132247
2024-09-30 03:01:33,Estable,0.023695579
2024-09-30 03:01:33,Estable,0.022399025
2024-09-30 03:01:33,Estable,0.028469896
2024-09-30 03:01:33,Estable,0.023001013
2024-09-30 03:01:33,Estable,0.023825744
2024-09-30 03:01:33,Estable,0.024927951
2024-09-30 03:01:33,Estable,0.02443949
2024-09-30 03:01:33,Estable,0.04231091
2024-09-30 03:01:33,Estable,0.028983844
2024-09-30 03:01:33,Estable,0.03122591
2024-09-30 03:01:33,Estable,0.040250316
2024-09-30 03:01:33,Estable,0.03082722
2024-09-30 03:01:34,Estable,0.04048369
2024-09-30 03:01:34,Estable,0.039673783
2024-09-30 03:01:34,Estable,0.042891808
2024-09-30 03:01:34,Estable,0.054123383
2024-09-30 03:01:34,Estable,0.034112535
2024-09-30 03:01:34,Estable,0.06379772
2024-09-30 03:01:34,Estable,0.03923744
2024-09-30 03:01:34,Estable,0.06512193
2024-09-30 03:01:34,Estable,0.0445167
2024-09-30 03:01:34,Estable,0.044855762
2024-09-30 03:01:34,Estable,0.048903443
2024-09-30 03:01:34,Estable,0.050625842
2024-09-30 03:01:34,Estable,0.044483345
2024-09-30 03:01:34,Estable,0.035742678
2024-09-30 03:01:34,Estable,0.060319614
2024-09-30 03:01:34,Estable,0.036824398
2024-09-30 03:01:34,Estable,0.044019204
2024-09-30 03:01:35,Estable,0.025667371
2024-09-30 03:01:35,Estable,0.043518238
2024-09-30 03:01:35,Estable,0.024956655
2024-09-30 03:01:35,Estable,0.028617667
2024-09-30 03:01:35,Estable,0.0274344
2024-09-30 03:01:35,Estable,0.022767898
2024-09-30 03:01:35,Estable,0.025216283
2024-09-30 03:01:35,Estable,0.029114442
2024-09-30 03:01:35,Estable,0.026977045
2024-09-30 03:01:35,Estable,0.021533975
2024-09-30 03:01:35,Estable,0.022813288
2024-09-30 03:01:35,Estable,0.019468382
2024-09-30 03:01:35,Estable,0.03293197
2024-09-30 03:01:35,Estable,0.020639382
2024-09-30 03:01:35,Estable,0.021041434
2024-09-30 03:01:35,Estable,0.019163491
2024-09-30 03:01:35,Estable,0.025226729
2024-09-30 03:01:35,Estable,0.01864998
2024-09-30 03:01:35,Estable,0.019963494
2024-09-30 03:01:36,Estable,0.022589404
2024-09-30 03:01:36,Estable,0.01548124
2024-09-30 03:01:36,Estable,0.017402647
2024-09-30 03:01:36,Estable,0.02973432
2024-09-30 03:01:36,Estable,0.01709706
2024-09-30 03:01:36,Estable,0.02923536
2024-09-30 03:01:36,Estable,0.015290135
2024-09-30 03:01:36,Estable,0.025778616
2024-09-30 03:01:36,Estable,0.014888191
2024-09-30 03:01:36,Estable,0.021995267
2024-09-30 03:01:36,Estable,0.01459227
2024-09-30 03:01:36,Estable,0.015997246
2024-09-30 03:01:36,Estable,0.021891123
2024-09-30 03:01:36,Estable,0.013789521
2024-09-30 03:01:36,Estable,0.017770475
2024-09-30 03:01:36,Estable,0.0148257
2024-09-30 03:01:36,Estable,0.0139332805
2024-09-30 03:01:36,Estable,0.019829663
2024-09-30 03:01:37,Estable,0.015417559
2024-09-30 03:01:37,Estable,0.01407965
2024-09-30 03:01:37,Estable,0.018080331
2024-09-30 03:01:37,Estable,0.012287376
2024-09-30 03:01:37,Estable,0.013719958
2024-09-30 03:01:37,Estable,0.014358575
2024-09-30 03:01:37,Estable,0.014977136
2024-09-30 03:01:37,Estable,0.014664606
2024-09-30 03:01:37,Estable,0.015161741
2024-09-30 03:01:37,Estable,0.014808597
2024-09-30 03:01:37,Estable,0.015348953
2024-09-30 03:01:37,Estable,0.013316003
2024-09-30 03:01:37,Estable,0.015235595
2024-09-30 03:01:37,Estable,0.01612864
2024-09-30 03:01:37,Estable,0.014435819
2024-09-30 03:01:37,Estable,0.01674292
2024-09-30 03:01:37,Estable,0.015851095
2024-09-30 03:01:38,Estable,0.017740645
2024-09-30 03:01:38,Estable,0.01611803
2024-09-30 03:01:38,Estable,0.021694219
2024-09-30 03:01:38,Estable,0.016447444
2024-09-30 03:01:38,Estable,0.017399078
2024-09-30 03:01:38,Estable,0.017640758
2024-09-30 03:01:38,Estable,0.017017193
2024-09-30 03:01:38,Estable,0.016517242
2024-09-30 03:01:38,Estable,0.016309133
2024-09-30 03:01:38,Estable,0.015809217
2024-09-30 03:01:38,Estable,0.012042899
2024-09-30 03:01:38,Estable,0.017028619
2024-09-30 03:01:38,Estable,0.01982047
2024-09-30 03:01:38,Estable,0.023750221
2024-09-30 03:01:38,Estable,0.014688265
2024-09-30 03:01:38,Estable,0.025052164
2024-09-30 03:01:38,Estable,0.020704549
2024-09-30 03:01:38,Estable,0.024561679
2024-09-30 03:01:39,Estable,0.019151034
2024-09-30 03:01:39,Estable,0.024776801
2024-09-30 03:01:39,Estable,0.02343136
2024-09-30 03:01:39,Estable,0.033839338
2024-09-30 03:01:39,Estable,0.03038175
2024-09-30 03:01:39,Estable,0.027238885
2024-09-30 03:01:39,Estable,0.047024727
2024-09-30 03:01:39,Estable,0.029735742
2024-09-30 03:01:39,Estable,0.036479205
2024-09-30 03:01:39,Estable,0.034605198
2024-09-30 03:01:39,Estable,0.051598027
2024-09-30 03:01:39,Estable,0.052906062
2024-09-30 03:01:39,Estable,0.040583804
2024-09-30 03:01:39,Estable,0.0508271
2024-09-30 03:01:39,Estable,0.03923541
2024-09-30 03:01:39,Estable,0.093327366
2024-09-30 03:01:40,Estable,0.10023014
2024-09-30 03:01:40,Estable,0.11546022
2024-09-30 03:01:40,Estable,0.12627059
2024-09-30 03:01:40,Estable,0.06449029
2024-09-30 03:01:40,Estable,0.106281795
2024-09-30 03:01:40,Estable,0.04455182
2024-09-30 03:01:40,Estable,0.05672387
2024-09-30 03:01:40,Estable,0.108703025
2024-09-30 03:01:40,Estable,0.10171618
2024-09-30 03:01:40,Estable,0.14031436
2024-09-30 03:01:40,Estable,0.21344502
2024-09-30 03:01:40,Estable,0.11870014
2024-09-30 03:01:40,Estable,0.16530867
2024-09-30 03:01:40,Estable,0.13043696
2024-09-30 03:01:40,Estable,0.35584694
2024-09-30 03:01:40,Estable,0.26439044
2024-09-30 03:01:40,Estable,0.46725476
2024-09-30 03:01:41,Estable,0.378641
2024-09-30 03:01:41,Estable,0.23569095
2024-09-30 03:01:41,Estable,0.20515619
2024-09-30 03:01:41,Inestable,0.5921624
2024-09-30 03:01:41,Inestable,0.69619066
2024-09-30 03:01:41,Inestable,0.6803411
2024-09-30 03:01:41,Inestable,0.6467786
2024-09-30 03:01:41,Inestable,0.64501077
2024-09-30 03:01:41,Inestable,0.64724606
2024-09-30 03:01:41,Inestable,0.64904225
2024-09-30 03:01:41,Inestable,0.65390027
2024-09-30 03:01:41,Inestable,0.6403254
2024-09-30 03:01:41,Inestable,0.63970405
2024-09-30 03:01:41,Inestable,0.6317136
2024-09-30 03:01:41,Inestable,0.63486576
2024-09-30 03:01:41,Inestable,0.6328106
2024-09-30 03:01:41,Inestable,0.6286164
2024-09-30 03:01:42,Inestable,0.62907445
2024-09-30 03:01:42,Inestable,0.63012505
2024-09-30 03:01:42,Inestable,0.63390195
2024-09-30 03:01:42,Inestable,0.6193783
2024-09-30 03:01:42,Inestable,0.6228304
2024-09-30 03:01:42,Inestable,0.6163914
2024-09-30 03:01:42,Inestable,0.6127075
2024-09-30 03:01:42,Inestable,0.5723123
2024-09-30 03:01:42,Inestable,0.5980726
2024-09-30 03:01:42,Inestable,0.5527166
2024-09-30 03:01:42,Inestable,0.5765431
2024-09-30 03:01:42,Inestable,0.5337376
2024-09-30 03:01:42,Inestable,0.5496813
2024-09-30 03:01:42,Inestable,0.50000775
2024-09-30 03:01:42,Estable,0.4925464
2024-09-30 03:01:42,Inestable,0.50632
2024-09-30 03:01:42,Estable,0.4391957
2024-09-30 03:01:43,Inestable,0.51542217
2024-09-30 03:01:43,Estable,0.45235676
2024-09-30 03:01:43,Estable,0.4862222
2024-09-30 03:01:43,Estable,0.4460568
2024-09-30 03:01:43,Estable,0.4893573
2024-09-30 03:01:43,Estable,0.46253872
2024-09-30 03:01:43,Estable,0.49920213
2024-09-30 03:01:43,Estable,0.4216528
2024-09-30 03:01:43,Estable,0.46660674
2024-09-30 03:01:43,Estable,0.4286857
2024-09-30 03:01:43,Estable,0.4859423
2024-09-30 03:01:43,Estable,0.43048385
2024-09-30 03:01:43,Estable,0.47358605
2024-09-30 03:01:43,Estable,0.4173527
2024-09-30 03:01:43,Estable,0.46287838
2024-09-30 03:01:43,Estable,0.45242405
2024-09-30 03:01:43,Estable,0.4696881
2024-09-30 03:01:43,Estable,0.46581492
2024-09-30 03:01:44,Estable,0.4540681
2024-09-30 03:01:44,Estable,0.4721006
2024-09-30 03:01:44,Estable,0.4440048
2024-09-30 03:01:44,Estable,0.48607117
2024-09-30 03:01:44,Estable,0.44721282
2024-09-30 03:01:44,Inestable,0.50677407
2024-09-30 03:01:44,Estable,0.44028696
2024-09-30 03:01:44,Inestable,0.53853256
2024-09-30 03:01:44,Inestable,0.5028831
2024-09-30 03:01:44,Inestable,0.5397622
2024-09-30 03:01:44,Inestable,0.54432845
2024-09-30 03:01:44,Inestable,0.5861007
2024-09-30 03:01:44,Inestable,0.5834402
2024-09-30 03:01:44,Inestable,0.607957
2024-09-30 03:01:44,Inestable,0.5815202
2024-09-30 03:01:44,Inestable,0.60780597
2024-09-30 03:01:44,Inestable,0.608803
2024-09-30 03:01:44,Inestable,0.5849582
2024-09-30 03:01:44,Inestable,0.59656346
2024-09-30 03:01:45,Inestable,0.5614358
2024-09-30 03:01:45,Inestable,0.57831514
2024-09-30 03:01:45,Inestable,0.575248
2024-09-30 03:01:45,Inestable,0.590614
2024-09-30 03:01:45,Inestable,0.58535856
2024-09-30 03:01:45,Inestable,0.60564786
2024-09-30 03:01:45,Inestable,0.62913585
2024-09-30 03:01:45,Inestable,0.6116467
2024-09-30 03:01:45,Inestable,0.6379085
2024-09-30 03:01:45,Inestable,0.5886896
2024-09-30 03:01:45,Inestable,0.63608646
2024-09-30 03:01:45,Inestable,0.63160264
2024-09-30 03:01:45,Inestable,0.64205045
2024-09-30 03:01:45,Inestable,0.63818383
2024-09-30 03:01:45,Inestable,0.6349305
2024-09-30 03:01:45,Inestable,0.6155345
2024-09-30 03:01:45,Inestable,0.6234863
2024-09-30 03:01:45,Inestable,0.60187733
2024-09-30 03:01:45,Inestable,0.6128279
2024-09-30 03:01:46,Inestable,0.605128
2024-09-30 03:01:46,Inestable,0.60601914
2024-09-30 03:01:46,Inestable,0.60468537
2024-09-30 03:01:46,Inestable,0.62997687
2024-09-30 03:01:46,Inestable,0.6171886
2024-09-30 03:01:46,Inestable,0.64529824
2024-09-30 03:01:46,Inestable,0.62924016
2024-09-30 03:01:46,Inestable,0.6337964
2024-09-30 03:01:46,Inestable,0.63542557
2024-09-30 03:01:46,Inestable,0.6389915
2024-09-30 03:01:46,Inestable,0.64222467
2024-09-30 03:01:46,Inestable,0.65165585
2024-09-30 03:01:46,Inestable,0.6459078
2024-09-30 03:01:46,Inestable,0.64456505
2024-09-30 03:01:46,Inestable,0.64662546
2024-09-30 03:01:46,Inestable,0.6548412
2024-09-30 03:01:46,Inestable,0.6452593
2024-09-30 03:01:46,Inestable,0.64902234
2024-09-30 03:01:47,Inestable,0.64469194
2024-09-30 03:01:47,Inestable,0.65065265
2024-09-30 03:01:47,Inestable,0.655144
2024-09-30 03:01:47,Inestable,0.6465661
2024-09-30 03:01:47,Inestable,0.6464106
2024-09-30 03:01:47,Inestable,0.6644285
2024-09-30 03:01:47,Inestable,0.6464361
2024-09-30 03:01:47,Inestable,0.6567273
2024-09-30 03:01:47,Inestable,0.650834
2024-09-30 03:01:47,Inestable,0.66153955
2024-09-30 03:01:47,Inestable,0.648287
2024-09-30 03:01:47,Inestable,0.654989
2024-09-30 03:01:47,Inestable,0.65420413
2024-09-30 03:01:47,Inestable,0.6520177
2024-09-30 03:01:47,Inestable,0.64451754
2024-09-30 03:01:48,Inestable,0.641829
2024-09-30 03:01:48,Inestable,0.6221174
2024-09-30 03:01:48,Inestable,0.6384522
2024-09-30 03:01:48,Inestable,0.63519955
2024-09-30 03:01:49,Inestable,0.6352006
2024-09-30 03:01:49,Inestable,0.6344818
2024-09-30 03:01:49,Inestable,0.6315588
2024-09-30 03:01:49,Inestable,0.62830734
2024-09-30 03:01:49,Inestable,0.6249328
2024-09-30 03:01:49,Inestable,0.62132597
2024-09-30 03:01:49,Inestable,0.627548
2024-09-30 03:01:49,Inestable,0.6367166
2024-09-30 03:01:49,Inestable,0.64114225
2024-09-30 03:01:49,Inestable,0.64452267
2024-09-30 03:01:49,Inestable,0.6187192
2024-09-30 03:01:49,Inestable,0.60849833
2024-09-30 03:01:49,Inestable,0.59507644
2024-09-30 03:01:49,Inestable,0.5950453
2024-09-30 03:01:49,Inestable,0.5966649
2024-09-30 03:01:49,Inestable,0.5981827
2024-09-30 03:01:49,Inestable,0.60294473
2024-09-30 03:01:49,Inestable,0.5958307
2024-09-30 03:01:50,Inestable,0.61936885
2024-09-30 03:01:50,Inestable,0.6034734
2024-09-30 03:01:50,Inestable,0.63573086
2024-09-30 03:01:50,Inestable,0.61641115
2024-09-30 03:01:50,Inestable,0.6257127
2024-09-30 03:01:50,Inestable,0.60188776
2024-09-30 03:01:50,Inestable,0.6422577
2024-09-30 03:01:50,Inestable,0.63196415
2024-09-30 03:01:50,Inestable,0.64080155
2024-09-30 03:01:50,Inestable,0.61069727
2024-09-30 03:01:50,Inestable,0.65755856
2024-09-30 03:01:50,Inestable,0.6075897
2024-09-30 03:01:50,Inestable,0.62987226
2024-09-30 03:01:50,Inestable,0.6191453
2024-09-30 03:01:50,Inestable,0.6157352
2024-09-30 03:01:50,Inestable,0.6105825
2024-09-30 03:01:50,Inestable,0.62066984
2024-09-30 03:01:50,Inestable,0.6366135
2024-09-30 03:01:50,Inestable,0.61988544
2024-09-30 03:01:51,Inestable,0.6159961
2024-09-30 03:01:51,Inestable,0.6139443
2024-09-30 03:01:51,Inestable,0.62413704
2024-09-30 03:01:51,Inestable,0.59392405
2024-09-30 03:01:51,Inestable,0.5951433
2024-09-30 03:01:51,Inestable,0.59607756
2024-09-30 03:01:51,Inestable,0.5882335
2024-09-30 03:01:51,Inestable,0.58958876
2024-09-30 03:01:51,Inestable,0.5906277
2024-09-30 03:01:51,Inestable,0.5804393
2024-09-30 03:01:51,Inestable,0.59244764
2024-09-30 03:01:51,Inestable,0.54445887
2024-09-30 03:01:51,Inestable,0.5495961
2024-09-30 03:01:51,Inestable,0.5398765
2024-09-30 03:01:51,Inestable,0.5674974
2024-09-30 03:01:52,Inestable,0.53125656
2024-09-30 03:01:52,Inestable,0.53206265
2024-09-30 03:01:52,Inestable,0.54157054
2024-09-30 03:01:52,Inestable,0.5604731
2024-09-30 03:01:52,Estable,0.49554098
2024-09-30 03:01:52,Inestable,0.5230838
2024-09-30 03:01:52,Estable,0.04891611
2024-09-30 03:01:52,Estable,0.043165922
2024-09-30 03:01:52,Estable,0.036259227
2024-09-30 03:01:52,Estable,0.03998903
2024-09-30 03:01:52,Estable,0.037291247
2024-09-30 03:01:52,Estable,0.03473309
2024-09-30 03:01:52,Estable,0.035926774
2024-09-30 03:01:52,Estable,0.041548472
2024-09-30 03:01:52,Estable,0.034688946
2024-09-30 03:01:52,Estable,0.043178163
2024-09-30 03:01:52,Estable,0.041934986
2024-09-30 03:01:53,Estable,0.042494964
2024-09-30 03:01:53,Estable,0.040289152
2024-09-30 03:01:53,Estable,0.043316573
2024-09-30 03:01:53,Estable,0.04280826
2024-09-30 03:01:53,Estable,0.048982635
2024-09-30 03:01:53,Estable,0.048743177
2024-09-30 03:01:53,Estable,0.050040487
2024-09-30 03:01:53,Estable,0.049768914
2024-09-30 03:01:53,Estable,0.052023627
2024-09-30 03:01:53,Estable,0.047002625
2024-09-30 03:01:53,Estable,0.04768154
2024-09-30 03:01:53,Estable,0.046148848
2024-09-30 03:01:53,Estable,0.044768665
2024-09-30 03:01:53,Estable,0.040473275
2024-09-30 03:01:53,Estable,0.030333688
2024-09-30 03:01:53,Estable,0.030896692
2024-09-30 03:01:53,Estable,0.03478416
2024-09-30 03:01:53,Estable,0.030874789
2024-09-30 03:01:54,Estable,0.03160395
2024-09-30 03:01:54,Estable,0.02924575
2024-09-30 03:01:54,Estable,0.044877112
2024-09-30 03:01:54,Estable,0.041557703
2024-09-30 03:01:54,Estable,0.0517846
2024-09-30 03:01:54,Estable,0.03677562
2024-09-30 03:01:54,Estable,0.046567235
2024-09-30 03:01:54,Estable,0.040958583
2024-09-30 03:01:54,Estable,0.046332084
2024-09-30 03:01:54,Estable,0.05347232
2024-09-30 03:01:54,Estable,0.05642266
2024-09-30 03:01:54,Estable,0.055837993
2024-09-30 03:01:54,Estable,0.055028666
2024-09-30 03:01:54,Estable,0.055979986
2024-09-30 03:01:54,Estable,0.0561561
2024-09-30 03:01:54,Estable,0.05776149
2024-09-30 03:01:54,Estable,0.058422953
2024-09-30 03:01:54,Estable,0.06174667
2024-09-30 03:01:55,Estable,0.060381293
2024-09-30 03:01:55,Estable,0.064692974
2024-09-30 03:01:55,Estable,0.06407028
2024-09-30 03:01:55,Estable,0.065295584
2024-09-30 03:01:55,Estable,0.06866201
2024-09-30 03:01:55,Estable,0.0697666
2024-09-30 03:01:55,Estable,0.06377521
2024-09-30 03:01:55,Estable,0.060161576
2024-09-30 03:01:55,Estable,0.06131273
2024-09-30 03:01:55,Estable,0.06604413
2024-09-30 03:01:55,Estable,0.0637827
2024-09-30 03:01:55,Estable,0.06445313
2024-09-30 03:01:55,Estable,0.063907504
2024-09-30 03:01:55,Estable,0.06465865
2024-09-30 03:01:55,Estable,0.06047043
2024-09-30 03:01:55,Estable,0.060474414
2024-09-30 03:01:55,Estable,0.05697627
2024-09-30 03:01:56,Estable,0.056408126
2024-09-30 03:01:56,Estable,0.052439973
2024-09-30 03:01:56,Estable,0.05572474
2024-09-30 03:01:56,Estable,0.060251594
2024-09-30 03:01:56,Estable,0.06266651
2024-09-30 03:01:56,Estable,0.06139294
2024-09-30 03:01:56,Estable,0.061879363
2024-09-30 03:01:56,Estable,0.06612584
2024-09-30 03:01:56,Estable,0.062428854
2024-09-30 03:01:56,Estable,0.060903985
2024-09-30 03:01:56,Estable,0.05956437
2024-09-30 03:01:56,Estable,0.06688343
2024-09-30 03:01:56,Estable,0.069629386
2024-09-30 03:01:56,Estable,0.065366805
2024-09-30 03:01:56,Estable,0.06606969
2024-09-30 03:01:56,Estable,0.07622221
2024-09-30 03:01:56,Estable,0.08275467
2024-09-30 03:01:56,Estable,0.075661086
2024-09-30 03:01:57,Estable,0.079274654
2024-09-30 03:01:57,Estable,0.07320178
2024-09-30 03:01:57,Estable,0.07131534
2024-09-30 03:01:57,Estable,0.057055287
2024-09-30 03:01:57,Estable,0.0552272
2024-09-30 03:01:57,Estable,0.06619916
2024-09-30 03:01:57,Estable,0.0609423
2024-09-30 03:01:57,Estable,0.06250456
2024-09-30 03:01:57,Estable,0.067638375
2024-09-30 03:01:57,Estable,0.07580041
2024-09-30 03:01:57,Estable,0.07600808
2024-09-30 03:01:57,Estable,0.06960568
2024-09-30 03:01:57,Estable,0.07270396
2024-09-30 03:01:57,Estable,0.06853419
2024-09-30 03:01:57,Estable,0.06752939
2024-09-30 03:01:58,Estable,0.08828852
2024-09-30 03:01:58,Estable,0.080333225
2024-09-30 03:01:58,Estable,0.089407444
2024-09-30 03:01:58,Estable,0.08551287
2024-09-30 03:01:58,Estable,0.08496709
2024-09-30 03:01:58,Estable,0.08947795
2024-09-30 03:01:58,Estable,0.09041045
2024-09-30 03:01:58,Estable,0.092945985
2024-09-30 03:01:58,Estable,0.09030144
2024-09-30 03:01:58,Estable,0.09015923
2024-09-30 03:01:58,Estable,0.10029101
2024-09-30 03:01:58,Estable,0.09760977
2024-09-30 03:01:58,Estable,0.10835232
2024-09-30 03:01:58,Estable,0.09798951
2024-09-30 03:01:58,Estable,0.1071632
2024-09-30 03:01:58,Estable,0.10094284
2024-09-30 03:01:58,Estable,0.11524736
2024-09-30 03:01:59,Estable,0.11859171
2024-09-30 03:01:59,Estable,0.092421405
2024-09-30 03:01:59,Estable,0.07010419
2024-09-30 03:01:59,Estable,0.09757005
2024-09-30 03:01:59,Estable,0.083385706
2024-09-30 03:01:59,Estable,0.111016035
2024-09-30 03:01:59,Estable,0.119590394
2024-09-30 03:01:59,Estable,0.12238033
2024-09-30 03:01:59,Estable,0.12577914
2024-09-30 03:01:59,Estable,0.1339822
2024-09-30 03:01:59,Estable,0.14250134
2024-09-30 03:01:59,Estable,0.13666223
2024-09-30 03:01:59,Estable,0.14440918
2024-09-30 03:01:59,Estable,0.145957
2024-09-30 03:01:59,Estable,0.15140942
2024-09-30 03:01:59,Estable,0.17606574
2024-09-30 03:01:59,Estable,0.16951723
2024-09-30 03:01:59,Estable,0.22053143
2024-09-30 03:02:00,Estable,0.19541934
2024-09-30 03:02:00,Estable,0.23105656
2024-09-30 03:02:00,Estable,0.20394814
2024-09-30 03:02:00,Estable,0.19850932
2024-09-30 03:02:00,Estable,0.20210123
2024-09-30 03:02:00,Estable,0.2156791
2024-09-30 03:02:00,Estable,0.20959528
2024-09-30 03:02:00,Estable,0.22249223
2024-09-30 03:02:00,Estable,0.23592563
2024-09-30 03:02:00,Estable,0.19673374
2024-09-30 03:02:00,Estable,0.22238818
2024-09-30 03:02:00,Estable,0.16789714
2024-09-30 03:02:00,Estable,0.1885553
2024-09-30 03:02:00,Estable,0.16455853
2024-09-30 03:02:00,Estable,0.1870662
2024-09-30 03:02:00,Estable,0.16332164
2024-09-30 03:02:00,Estable,0.15643798
2024-09-30 03:02:01,Estable,0.15819418
2024-09-30 03:02:01,Estable,0.1578294
2024-09-30 03:02:01,Estable,0.15032296
2024-09-30 03:02:01,Estable,0.1508714
2024-09-30 03:02:01,Estable,0.1387479
2024-09-30 03:02:01,Estable,0.13913317
2024-09-30 03:02:01,Estable,0.13156395
2024-09-30 03:02:01,Estable,0.12885228
2024-09-30 03:02:01,Estable,0.11894008
2024-09-30 03:02:01,Estable,0.11635815
2024-09-30 03:02:01,Estable,0.11308876
2024-09-30 03:02:01,Estable,0.11022179
2024-09-30 03:02:01,Estable,0.101915486
2024-09-30 03:02:01,Estable,0.10157497
2024-09-30 03:02:01,Estable,0.09129416
2024-09-30 03:02:01,Estable,0.09365529
2024-09-30 03:02:01,Estable,0.08240178
2024-09-30 03:02:01,Estable,0.087262675
2024-09-30 03:02:02,Estable,0.08981602
2024-09-30 03:02:02,Estable,0.086336404
2024-09-30 03:02:02,Estable,0.07865025
2024-09-30 03:02:02,Estable,0.07630494
2024-09-30 03:02:02,Estable,0.0728666
2024-09-30 03:02:02,Estable,0.07354095
2024-09-30 03:02:02,Estable,0.076691695
2024-09-30 03:02:02,Estable,0.07547077
2024-09-30 03:02:02,Estable,0.070657805
2024-09-30 03:02:02,Estable,0.071541116
2024-09-30 03:02:02,Estable,0.06994444
2024-09-30 03:02:02,Estable,0.074145876
2024-09-30 03:02:02,Estable,0.06124443
2024-09-30 03:02:02,Estable,0.0620416
2024-09-30 03:02:02,Estable,0.06703353
2024-09-30 03:02:02,Estable,0.068208665
2024-09-30 03:02:02,Estable,0.07473291
2024-09-30 03:02:02,Estable,0.080997005
2024-09-30 03:02:02,Estable,0.06332958
2024-09-30 03:02:02,Estable,0.06228583
2024-09-30 03:02:03,Estable,0.07013225
2024-09-30 03:02:03,Estable,0.08543038
2024-09-30 03:02:03,Estable,0.068514206
2024-09-30 03:02:03,Estable,0.087777235
2024-09-30 03:02:06,Estable,0.25102097
2024-09-30 03:02:06,Estable,0.17377944
2024-09-30 03:02:06,Estable,0.15562609
2024-09-30 03:02:06,Estable,0.16165943
2024-09-30 03:02:06,Estable,0.096635304
2024-09-30 03:02:07,Estable,0.109103985
2024-09-30 03:02:07,Estable,0.070536375
2024-09-30 03:02:07,Estable,0.066671826
2024-09-30 03:02:07,Estable,0.059020028
2024-09-30 03:02:07,Estable,0.052560806
2024-09-30 03:02:07,Estable,0.052423317
2024-09-30 03:02:07,Estable,0.040478293
2024-09-30 03:02:07,Estable,0.04248982
2024-09-30 03:02:07,Estable,0.03836298
2024-09-30 03:02:07,Estable,0.037984677
2024-09-30 03:02:07,Estable,0.036333922
2024-09-30 03:02:07,Estable,0.038052376
2024-09-30 03:02:07,Estable,0.0356519
2024-09-30 03:02:07,Estable,0.034147173
2024-09-30 03:02:07,Estable,0.031852312
2024-09-30 03:02:07,Estable,0.029354183
2024-09-30 03:02:07,Estable,0.029420422
2024-09-30 03:02:07,Estable,0.030045621
2024-09-30 03:02:07,Estable,0.0247249
2024-09-30 03:02:08,Estable,0.020054994
2024-09-30 03:02:08,Estable,0.019560441
2024-09-30 03:02:08,Estable,0.019421756
2024-09-30 03:02:08,Estable,0.020147214
2024-09-30 03:02:08,Estable,0.01980578
2024-09-30 03:02:08,Estable,0.020595836
2024-09-30 03:02:08,Estable,0.019223036
2024-09-30 03:02:08,Estable,0.02092987
2024-09-30 03:02:08,Estable,0.018852612
2024-09-30 03:02:08,Estable,0.020178847
2024-09-30 03:02:08,Estable,0.017877283
2024-09-30 03:02:08,Estable,0.019237878
2024-09-30 03:02:08,Estable,0.016336212
2024-09-30 03:02:08,Estable,0.0176832
2024-09-30 03:02:08,Estable,0.018298093
2024-09-30 03:02:08,Estable,0.019063268
2024-09-30 03:02:08,Estable,0.019034224
2024-09-30 03:02:08,Estable,0.018133607
2024-09-30 03:02:09,Estable,0.01605168
2024-09-30 03:02:09,Estable,0.017321613
2024-09-30 03:02:09,Estable,0.015420686
2024-09-30 03:02:09,Estable,0.016713869
2024-09-30 03:02:09,Estable,0.015584657
2024-09-30 03:02:09,Estable,0.015145438
2024-09-30 03:02:09,Estable,0.016456978
2024-09-30 03:02:09,Estable,0.016541762
2024-09-30 03:02:09,Estable,0.01818399
2024-09-30 03:02:09,Estable,0.018245904
2024-09-30 03:02:09,Estable,0.019206928
2024-09-30 03:02:09,Estable,0.017939374
2024-09-30 03:02:09,Estable,0.018876972
2024-09-30 03:02:09,Estable,0.020153983
2024-09-30 03:02:09,Estable,0.020406082
2024-09-30 03:02:09,Estable,0.019523403
2024-09-30 03:02:09,Estable,0.019726915
2024-09-30 03:02:09,Estable,0.020887401
2024-09-30 03:02:09,Estable,0.023805087
2024-09-30 03:02:10,Estable,0.027024254
2024-09-30 03:02:10,Estable,0.027031247
2024-09-30 03:02:10,Estable,0.02744664
2024-09-30 03:02:10,Estable,0.037471738
2024-09-30 03:02:10,Estable,0.035413675
2024-09-30 03:02:10,Estable,0.050676197
2024-09-30 03:02:10,Estable,0.042967923
2024-09-30 03:02:10,Estable,0.06417257
2024-09-30 03:02:10,Estable,0.06553052
2024-09-30 03:02:10,Estable,0.06478104
2024-09-30 03:02:10,Estable,0.07688422
2024-09-30 03:02:10,Estable,0.08854801
2024-09-30 03:02:10,Estable,0.09617739
2024-09-30 03:02:10,Estable,0.12360781
2024-09-30 03:02:10,Estable,0.1186843
2024-09-30 03:02:10,Estable,0.18884574
2024-09-30 03:02:10,Estable,0.19191824
2024-09-30 03:02:10,Estable,0.19379048
2024-09-30 03:02:11,Estable,0.19313505
2024-09-30 03:02:11,Estable,0.23361827
2024-09-30 03:02:11,Estable,0.19671428
2024-09-30 03:02:11,Estable,0.26631466
2024-09-30 03:02:11,Estable,0.21234359
2024-09-30 03:02:11,Estable,0.2791515
2024-09-30 03:02:11,Estable,0.2751236
2024-09-30 03:02:11,Estable,0.34618253
2024-09-30 03:02:11,Estable,0.28163493
2024-09-30 03:02:11,Estable,0.35321566
2024-09-30 03:02:11,Estable,0.37791812
2024-09-30 03:02:11,Estable,0.41127068
2024-09-30 03:02:11,Estable,0.38697135
2024-09-30 03:02:11,Estable,0.4795012
2024-09-30 03:02:11,Estable,0.458759
2024-09-30 03:02:11,Inestable,0.5059965
2024-09-30 03:02:11,Inestable,0.51007664
2024-09-30 03:02:11,Inestable,0.532207
2024-09-30 03:02:11,Inestable,0.51782095
2024-09-30 03:02:12,Inestable,0.5801618
2024-09-30 03:02:12,Inestable,0.57069397
2024-09-30 03:02:12,Inestable,0.61770093
2024-09-30 03:02:12,Inestable,0.61713696
2024-09-30 03:02:12,Inestable,0.6515206
2024-09-30 03:02:12,Inestable,0.70159376
2024-09-30 03:02:12,Inestable,0.70752317
2024-09-30 03:02:12,Inestable,0.7248421
2024-09-30 03:02:12,Inestable,0.720481
2024-09-30 03:02:12,Inestable,0.72069263
2024-09-30 03:02:12,Inestable,0.7118702
2024-09-30 03:02:12,Inestable,0.7286303
2024-09-30 03:02:12,Inestable,0.70015067
2024-09-30 03:02:12,Inestable,0.72100055
2024-09-30 03:02:12,Inestable,0.68252945
2024-09-30 03:02:12,Inestable,0.6766727
2024-09-30 03:02:12,Inestable,0.63314104
2024-09-30 03:02:13,Inestable,0.6492437
2024-09-30 03:02:13,Inestable,0.63042164
2024-09-30 03:02:13,Inestable,0.63220274
2024-09-30 03:02:13,Inestable,0.609426
2024-09-30 03:02:13,Inestable,0.60162884
2024-09-30 03:02:13,Inestable,0.63146806
2024-09-30 03:02:13,Inestable,0.6296323
2024-09-30 03:02:13,Inestable,0.6245015
2024-09-30 03:02:13,Inestable,0.61846614
2024-09-30 03:02:13,Inestable,0.623614
2024-09-30 03:02:13,Inestable,0.5841485
2024-09-30 03:02:13,Inestable,0.6195532
2024-09-30 03:02:13,Inestable,0.6131687
2024-09-30 03:02:13,Inestable,0.6323974
2024-09-30 03:02:13,Inestable,0.63211703
2024-09-30 03:02:13,Inestable,0.6408983
2024-09-30 03:02:13,Inestable,0.62388414
2024-09-30 03:02:13,Inestable,0.6149387
2024-09-30 03:02:13,Inestable,0.6193924
2024-09-30 03:02:14,Inestable,0.63095224
2024-09-30 03:02:14,Inestable,0.63792264
2024-09-30 03:02:14,Inestable,0.6261662
2024-09-30 03:02:14,Inestable,0.6097099
2024-09-30 03:02:14,Inestable,0.600376
2024-09-30 03:02:14,Inestable,0.6105239
2024-09-30 03:02:14,Inestable,0.5972179
2024-09-30 03:02:14,Inestable,0.6166076
2024-09-30 03:02:14,Inestable,0.5676296
2024-09-30 03:02:14,Inestable,0.6819037
2024-09-30 03:02:14,Inestable,0.5865232
2024-09-30 03:02:14,Inestable,0.67056245
2024-09-30 03:02:14,Inestable,0.61280656
2024-09-30 03:02:14,Inestable,0.6341889
2024-09-30 03:02:14,Inestable,0.63821375
2024-09-30 03:02:14,Inestable,0.6328819
2024-09-30 03:02:14,Inestable,0.64979196
2024-09-30 03:02:15,Inestable,0.65432274
2024-09-30 03:02:15,Inestable,0.6069798
2024-09-30 03:02:15,Inestable,0.6431678
2024-09-30 03:02:15,Inestable,0.6343857
2024-09-30 03:02:15,Inestable,0.6453129
2024-09-30 03:02:15,Inestable,0.5914522
2024-09-30 03:02:15,Inestable,0.63131905
2024-09-30 03:02:15,Inestable,0.6315402
2024-09-30 03:02:15,Inestable,0.6629349
2024-09-30 03:02:15,Inestable,0.6211754
2024-09-30 03:02:15,Inestable,0.6637583
2024-09-30 03:02:15,Inestable,0.6224602
2024-09-30 03:02:15,Inestable,0.6556938
2024-09-30 03:02:15,Inestable,0.65340006
2024-09-30 03:02:15,Inestable,0.6875999
2024-09-30 03:02:15,Inestable,0.6520306
2024-09-30 03:02:15,Inestable,0.69191206
2024-09-30 03:02:15,Inestable,0.63667345
2024-09-30 03:02:16,Inestable,0.68338954
2024-09-30 03:02:16,Inestable,0.65250564
2024-09-30 03:02:16,Inestable,0.68654644
2024-09-30 03:02:16,Inestable,0.65459317
2024-09-30 03:02:16,Inestable,0.6696503
2024-09-30 03:02:16,Inestable,0.6841651
2024-09-30 03:02:16,Inestable,0.67727464
2024-09-30 03:02:16,Inestable,0.664656
2024-09-30 03:02:16,Inestable,0.66912186
2024-09-30 03:02:16,Estable,0.41548067
2024-09-30 03:02:16,Estable,0.45635015
2024-09-30 03:02:16,Estable,0.4052531
2024-09-30 03:02:16,Estable,0.4367161
2024-09-30 03:02:16,Estable,0.4163919
2024-09-30 03:02:16,Estable,0.4485728
2024-09-30 03:02:16,Estable,0.40099603
2024-09-30 03:02:16,Estable,0.4308849
2024-09-30 03:02:17,Estable,0.40287447
2024-09-30 03:02:17,Estable,0.41631514
2024-09-30 03:02:17,Estable,0.39497337
2024-09-30 03:02:17,Estable,0.42337093
2024-09-30 03:02:17,Estable,0.38569608
2024-09-30 03:02:17,Estable,0.40990758
2024-09-30 03:02:17,Estable,0.41931093
2024-09-30 03:02:17,Estable,0.42643976
2024-09-30 03:02:17,Estable,0.4245055
2024-09-30 03:02:17,Estable,0.43454096
2024-09-30 03:02:17,Estable,0.42138496
2024-09-30 03:02:17,Estable,0.42146194
2024-09-30 03:02:17,Estable,0.42069197
2024-09-30 03:02:17,Estable,0.42354986
2024-09-30 03:02:17,Estable,0.42967996
2024-09-30 03:02:17,Estable,0.43279725
2024-09-30 03:02:17,Estable,0.42500752
2024-09-30 03:02:17,Estable,0.4279863
2024-09-30 03:02:18,Estable,0.42872587
2024-09-30 03:02:18,Estable,0.4309056
2024-09-30 03:02:18,Estable,0.4295688
2024-09-30 03:02:18,Estable,0.41674688
2024-09-30 03:02:18,Estable,0.41671035
2024-09-30 03:02:18,Estable,0.39107576
2024-09-30 03:02:18,Estable,0.39767742
2024-09-30 03:02:18,Estable,0.35844636
2024-09-30 03:02:18,Estable,0.3575273
2024-09-30 03:02:18,Estable,0.36280173
2024-09-30 03:02:18,Estable,0.3321617
2024-09-30 03:02:18,Estable,0.31729516
2024-09-30 03:02:18,Estable,0.3253242
2024-09-30 03:02:18,Estable,0.31471848
2024-09-30 03:02:18,Estable,0.24503481
2024-09-30 03:02:18,Estable,0.24927728
2024-09-30 03:02:18,Estable,0.20915341
2024-09-30 03:02:19,Estable,0.23098376
2024-09-30 03:02:19,Estable,0.16465122
2024-09-30 03:02:19,Estable,0.17821985
2024-09-30 03:02:19,Estable,0.15468754
2024-09-30 03:02:19,Estable,0.17548132
2024-09-30 03:02:19,Estable,0.14487721
2024-09-30 03:02:19,Estable,0.1689441
2024-09-30 03:02:19,Estable,0.12735441
2024-09-30 03:02:19,Estable,0.15577449
2024-09-30 03:02:19,Estable,0.12813011
2024-09-30 03:02:19,Estable,0.15323645
2024-09-30 03:02:19,Estable,0.1422846
2024-09-30 03:02:19,Estable,0.14125988
2024-09-30 03:02:19,Estable,0.13049035
2024-09-30 03:02:19,Estable,0.13680854
2024-09-30 03:02:19,Estable,0.14973414
2024-09-30 03:02:19,Estable,0.10750789
2024-09-30 03:02:19,Estable,0.12572725
2024-09-30 03:02:19,Estable,0.12620354
2024-09-30 03:02:19,Estable,0.10830772
2024-09-30 03:02:19,Estable,0.12374901
2024-09-30 03:02:20,Estable,0.10072119
2024-09-30 03:02:20,Estable,0.1120453
2024-09-30 03:02:20,Estable,0.10496043
2024-09-30 03:02:20,Estable,0.110701434
2024-09-30 03:02:20,Estable,0.10470232
2024-09-30 03:02:20,Estable,0.10467003
2024-09-30 03:02:20,Estable,0.109018184
2024-09-30 03:02:20,Estable,0.10509747
2024-09-30 03:02:20,Estable,0.11522567
2024-09-30 03:02:20,Estable,0.112132035
2024-09-30 03:02:20,Estable,0.12005368
2024-09-30 03:02:20,Estable,0.12056443
2024-09-30 03:02:20,Estable,0.12916435
2024-09-30 03:02:20,Estable,0.121605314
2024-09-30 03:02:20,Estable,0.12099508
2024-09-30 03:02:20,Estable,0.11331721
2024-09-30 03:02:20,Estable,0.12390678
2024-09-30 03:02:20,Estable,0.117672995
2024-09-30 03:02:21,Estable,0.12745415
2024-09-30 03:02:21,Estable,0.1224154
2024-09-30 03:02:21,Estable,0.12760156
2024-09-30 03:02:21,Estable,0.1189299
2024-09-30 03:02:21,Estable,0.12420211
2024-09-30 03:02:21,Estable,0.12162675
2024-09-30 03:02:21,Estable,0.121657215
2024-09-30 03:02:21,Estable,0.124896385
2024-09-30 03:02:21,Estable,0.12474027
2024-09-30 03:02:21,Estable,0.12858145
2024-09-30 03:02:21,Estable,0.13399374
2024-09-30 03:02:21,Estable,0.12830925
2024-09-30 03:02:21,Estable,0.13080825
2024-09-30 03:02:21,Estable,0.12751317
2024-09-30 03:02:21,Estable,0.11959534
2024-09-30 03:02:21,Estable,0.12878485
2024-09-30 03:02:21,Estable,0.12918048
2024-09-30 03:02:21,Estable,0.11986424
2024-09-30 03:02:22,Estable,0.11972661
2024-09-30 03:02:22,Estable,0.12166938
2024-09-30 03:02:22,Estable,0.1297185
2024-09-30 03:02:22,Estable,0.12060595
2024-09-30 03:02:22,Estable,0.117878154
2024-09-30 03:02:22,Estable,0.11908531
2024-09-30 03:02:22,Estable,0.118016414
2024-09-30 03:02:22,Estable,0.12296649
2024-09-30 03:02:22,Estable,0.11918615
2024-09-30 03:02:22,Estable,0.11710617
2024-09-30 03:02:22,Estable,0.11649347
2024-09-30 03:02:22,Estable,0.11591695
2024-09-30 03:02:22,Estable,0.1166185
2024-09-30 03:02:22,Estable,0.11865854
2024-09-30 03:02:22,Estable,0.12968466
2024-09-30 03:02:22,Estable,0.1186839
2024-09-30 03:02:22,Estable,0.14161815
2024-09-30 03:02:22,Estable,0.12746714
2024-09-30 03:02:22,Estable,0.13286597
2024-09-30 03:02:23,Estable,0.12890932
2024-09-30 03:02:23,Estable,0.1282531
2024-09-30 03:02:23,Estable,0.13695529
2024-09-30 03:02:23,Estable,0.13381086
2024-09-30 03:02:23,Estable,0.1346552
2024-09-30 03:02:23,Estable,0.12988567
2024-09-30 03:02:23,Estable,0.13185725
2024-09-30 03:02:23,Estable,0.1233673
2024-09-30 03:02:23,Estable,0.1233949
2024-09-30 03:02:23,Estable,0.10759966
2024-09-30 03:02:23,Estable,0.11851654
2024-09-30 03:02:23,Estable,0.11837201
2024-09-30 03:02:23,Estable,0.11518859
2024-09-30 03:02:23,Estable,0.11179039
2024-09-30 03:02:23,Estable,0.116738275
2024-09-30 03:02:23,Estable,0.112692975
2024-09-30 03:02:23,Estable,0.113574505
2024-09-30 03:02:23,Estable,0.11081234
2024-09-30 03:02:24,Estable,0.11382445
2024-09-30 03:02:24,Estable,0.11109227
2024-09-30 03:02:24,Estable,0.114491016
2024-09-30 03:02:24,Estable,0.1124033
2024-09-30 03:02:24,Estable,0.116000466
2024-09-30 03:02:24,Estable,0.119465105
2024-09-30 03:02:24,Estable,0.12235882
2024-09-30 03:02:24,Estable,0.11812472
2024-09-30 03:02:24,Estable,0.11783572
2024-09-30 03:02:24,Estable,0.120400235
2024-09-30 03:02:24,Estable,0.11016843
2024-09-30 03:02:24,Estable,0.123068705
2024-09-30 03:02:24,Estable,0.11749422
2024-09-30 03:02:24,Estable,0.12518644
2024-09-30 03:02:24,Estable,0.11622477
2024-09-30 03:02:24,Estable,0.12560229
2024-09-30 03:02:24,Estable,0.12026674
2024-09-30 03:02:24,Estable,0.12683825
2024-09-30 03:02:24,Estable,0.12129358
2024-09-30 03:02:25,Estable,0.1317798
2024-09-30 03:02:25,Estable,0.121727146
2024-09-30 03:02:25,Estable,0.12572591
2024-09-30 03:02:25,Estable,0.12400138
2024-09-30 03:02:25,Estable,0.12994987
2024-09-30 03:02:25,Estable,0.1244014
2024-09-30 03:02:25,Estable,0.12934017
2024-09-30 03:02:25,Estable,0.1264263
2024-09-30 03:02:25,Estable,0.13616233
2024-09-30 03:02:25,Estable,0.13505527
2024-09-30 03:02:25,Estable,0.14378916
2024-09-30 03:02:25,Estable,0.14296782
2024-09-30 03:02:25,Estable,0.14414737
2024-09-30 03:02:25,Estable,0.14565344
2024-09-30 03:02:25,Estable,0.14849186
2024-09-30 03:02:25,Estable,0.1475298
2024-09-30 03:02:25,Estable,0.15923274
2024-09-30 03:02:25,Estable,0.15368004
2024-09-30 03:02:26,Estable,0.16597207
2024-09-30 03:02:26,Estable,0.16423516
2024-09-30 03:02:26,Estable,0.17540498
2024-09-30 03:02:26,Estable,0.17073008
2024-09-30 03:02:26,Estable,0.1793487
2024-09-30 03:02:26,Estable,0.17623727
2024-09-30 03:02:26,Estable,0.1909124
2024-09-30 03:02:26,Estable,0.18650013
2024-09-30 03:02:26,Estable,0.19635978
2024-09-30 03:02:26,Estable,0.19305137
2024-09-30 03:02:26,Estable,0.19402066
2024-09-30 03:02:26,Estable,0.19644001
2024-09-30 03:02:26,Estable,0.19910677
2024-09-30 03:02:26,Estable,0.1964296
2024-09-30 03:02:26,Estable,0.202059
2024-09-30 03:02:26,Estable,0.19947052
2024-09-30 03:02:26,Estable,0.20379433
2024-09-30 03:02:26,Estable,0.20197362
2024-09-30 03:02:27,Estable,0.20915061
2024-09-30 03:02:27,Estable,0.21063964
2024-09-30 03:02:27,Estable,0.21456288
2024-09-30 03:02:27,Estable,0.21612866
2024-09-30 03:02:27,Estable,0.25429082
2024-09-30 03:02:27,Estable,0.23505539
2024-09-30 03:02:27,Estable,0.22797303
2024-09-30 03:02:27,Estable,0.2212546
2024-09-30 03:02:27,Estable,0.24691942
2024-09-30 03:02:27,Estable,0.2133939
2024-09-30 03:02:27,Estable,0.25620916
2024-09-30 03:02:27,Estable,0.22912252
2024-09-30 03:02:27,Estable,0.23506244
2024-09-30 03:02:27,Estable,0.2362506
2024-09-30 03:02:27,Estable,0.21208547
2024-09-30 03:02:27,Estable,0.21570691
2024-09-30 03:02:27,Estable,0.20472725
2024-09-30 03:02:27,Estable,0.20727131
2024-09-30 03:02:27,Estable,0.20696704
2024-09-30 03:02:28,Estable,0.20887268
2024-09-30 03:02:28,Estable,0.20641665
2024-09-30 03:02:28,Estable,0.20843259
2024-09-30 03:02:28,Estable,0.20843889
2024-09-30 03:02:28,Estable,0.20481515
2024-09-30 03:02:28,Estable,0.21121895
2024-09-30 03:02:28,Estable,0.213203
2024-09-30 03:02:28,Estable,0.20689401
2024-09-30 03:02:28,Estable,0.2113086
2024-09-30 03:02:28,Estable,0.21042603
2024-09-30 03:02:28,Estable,0.2101471
2024-09-30 03:02:28,Estable,0.21297513
2024-09-30 03:02:28,Estable,0.21389814
2024-09-30 03:02:28,Estable,0.2120851
2024-09-30 03:02:28,Estable,0.21627599
2024-09-30 03:02:28,Estable,0.2196499
2024-09-30 03:02:29,Estable,0.22036266
2024-09-30 03:02:29,Estable,0.22338586
2024-09-30 03:02:29,Estable,0.21747607
2024-09-30 03:02:29,Estable,0.25014496
2024-09-30 03:02:29,Estable,0.21865916
2024-09-30 03:02:29,Estable,0.25910503
2024-09-30 03:02:29,Estable,0.24045515
2024-09-30 03:02:29,Estable,0.28460258
2024-09-30 03:02:29,Estable,0.24784327
2024-09-30 03:02:29,Estable,0.29375377
2024-09-30 03:02:29,Estable,0.2795634
2024-09-30 03:02:29,Estable,0.28681022
2024-09-30 03:02:29,Estable,0.241653
2024-09-30 03:02:29,Estable,0.27776825
2024-09-30 03:02:29,Estable,0.26275614
2024-09-30 03:02:29,Estable,0.30210277
2024-09-30 03:02:29,Estable,0.28419065
2024-09-30 03:02:29,Estable,0.27718702
2024-09-30 03:02:30,Estable,0.25877467
2024-09-30 03:02:30,Estable,0.28424904
2024-09-30 03:02:30,Estable,0.257673
2024-09-30 03:02:30,Estable,0.27208608
2024-09-30 03:02:30,Estable,0.26092362
2024-09-30 03:02:30,Estable,0.28727648
2024-09-30 03:02:30,Estable,0.26825735
2024-09-30 03:02:30,Estable,0.28353843
2024-09-30 03:02:30,Estable,0.27258044
2024-09-30 03:02:30,Estable,0.26934263
2024-09-30 03:02:30,Estable,0.28503695
2024-09-30 03:02:30,Estable,0.30841017
2024-09-30 03:02:30,Estable,0.30754456
2024-09-30 03:02:30,Estable,0.30769116
2024-09-30 03:02:30,Estable,0.30699775
2024-09-30 03:02:30,Estable,0.30015635
2024-09-30 03:02:30,Estable,0.30421314
2024-09-30 03:02:31,Estable,0.3113388
2024-09-30 03:02:31,Estable,0.31219995
2024-09-30 03:02:31,Estable,0.3013618
2024-09-30 03:02:31,Estable,0.29810974
2024-09-30 03:02:31,Estable,0.31027615
2024-09-30 03:02:31,Estable,0.30934826
2024-09-30 03:02:31,Estable,0.3147454
2024-09-30 03:02:31,Estable,0.31381637
2024-09-30 03:02:31,Estable,0.32828256
2024-09-30 03:02:31,Estable,0.30430618
2024-09-30 03:02:31,Estable,0.33436218
2024-09-30 03:02:31,Estable,0.32446998
2024-09-30 03:02:31,Estable,0.3483834
2024-09-30 03:02:31,Estable,0.32220265
2024-09-30 03:02:31,Estable,0.325866
2024-09-30 03:02:31,Estable,0.3063396
2024-09-30 03:02:31,Estable,0.32847363
2024-09-30 03:02:31,Estable,0.31839028
2024-09-30 03:02:31,Estable,0.35647848
2024-09-30 03:02:32,Estable,0.31560043
2024-09-30 03:02:32,Estable,0.36624706
2024-09-30 03:02:32,Estable,0.33395842
2024-09-30 03:02:32,Estable,0.34582934
2024-09-30 03:02:32,Estable,0.3500806
2024-09-30 03:02:32,Estable,0.357735
2024-09-30 03:02:32,Estable,0.38356978
2024-09-30 03:02:32,Estable,0.37937462
2024-09-30 03:02:32,Estable,0.3662325
2024-09-30 03:02:32,Estable,0.3612108
2024-09-30 03:02:32,Estable,0.35484338
2024-09-30 03:02:32,Estable,0.32843438
2024-09-30 03:02:32,Estable,0.30952945
2024-09-30 03:02:32,Estable,0.32533514
2024-09-30 03:02:32,Estable,0.3017981
2024-09-30 03:02:32,Estable,0.34062383
2024-09-30 03:02:32,Estable,0.32456204
2024-09-30 03:02:32,Estable,0.346107
2024-09-30 03:02:32,Estable,0.36581835
2024-09-30 03:02:33,Estable,0.40051177
2024-09-30 03:02:33,Estable,0.39133886
2024-09-30 03:02:33,Estable,0.42667434
2024-09-30 03:02:33,Estable,0.41254532
2024-09-30 03:02:33,Estable,0.470334
2024-09-30 03:02:33,Inestable,0.5097387
2024-09-30 03:02:33,Estable,0.4819459
2024-09-30 03:02:33,Inestable,0.5091983
2024-09-30 03:02:33,Estable,0.45085013
2024-09-30 03:02:33,Estable,0.4714574
2024-09-30 03:02:33,Estable,0.4244862
2024-09-30 03:02:33,Estable,0.42347372
2024-09-30 03:02:33,Estable,0.41992438
2024-09-30 03:02:33,Estable,0.3902929
2024-09-30 03:02:33,Estable,0.48013005
2024-09-30 03:02:33,Estable,0.493248
2024-09-30 03:02:33,Inestable,0.52070576
2024-09-30 03:02:33,Estable,0.43648276
2024-09-30 03:02:34,Inestable,0.50191474
2024-09-30 03:02:34,Estable,0.38026896
2024-09-30 03:02:34,Estable,0.4431799
2024-09-30 03:02:34,Estable,0.42152783
2024-09-30 03:02:34,Estable,0.3813861
2024-09-30 03:02:34,Estable,0.41440243
2024-09-30 03:02:34,Estable,0.43054438
2024-09-30 03:02:34,Estable,0.49883473
2024-09-30 03:02:34,Inestable,0.5154525
2024-09-30 03:02:34,Inestable,0.5290207
2024-09-30 03:02:34,Inestable,0.5270111
2024-09-30 03:02:34,Inestable,0.5286633
2024-09-30 03:02:34,Inestable,0.502743
2024-09-30 03:02:34,Estable,0.38911352
2024-09-30 03:02:34,Estable,0.4076579
2024-09-30 03:02:34,Estable,0.28216514
2024-09-30 03:02:34,Estable,0.3024764
2024-09-30 03:02:34,Estable,0.26477963
2024-09-30 03:02:35,Estable,0.27109373
2024-09-30 03:02:35,Estable,0.28465652
2024-09-30 03:02:35,Estable,0.2754557
2024-09-30 03:02:35,Estable,0.27831656
2024-09-30 03:02:35,Estable,0.27528968
2024-09-30 03:02:35,Estable,0.2750181
2024-09-30 03:02:35,Estable,0.295289
2024-09-30 03:02:35,Estable,0.32288167
2024-09-30 03:02:35,Estable,0.34125695
2024-09-30 03:02:35,Estable,0.33537173
2024-09-30 03:02:35,Estable,0.38857442
2024-09-30 03:02:35,Estable,0.36821204
2024-09-30 03:02:35,Estable,0.38743025
2024-09-30 03:02:35,Estable,0.36883098
2024-09-30 03:02:35,Estable,0.45208308
2024-09-30 03:02:35,Estable,0.42533064
2024-09-30 03:02:35,Estable,0.41727087
2024-09-30 03:02:36,Estable,0.42307073
2024-09-30 03:02:36,Inestable,0.52259064
2024-09-30 03:02:36,Estable,0.44740018
2024-09-30 03:02:36,Inestable,0.54830134
2024-09-30 03:02:36,Estable,0.45438746
2024-09-30 03:02:36,Inestable,0.5167575
2024-09-30 03:02:36,Estable,0.4705198
2024-09-30 03:02:36,Inestable,0.5206958
2024-09-30 03:02:36,Inestable,0.53394186
2024-09-30 03:02:36,Inestable,0.5740187
2024-09-30 03:02:36,Estable,0.48877475
2024-09-30 03:02:36,Inestable,0.5152699
2024-09-30 03:02:36,Inestable,0.5110914
2024-09-30 03:02:36,Estable,0.43051156
2024-09-30 03:02:36,Estable,0.43022126
2024-09-30 03:02:36,Estable,0.45440596
2024-09-30 03:02:36,Estable,0.40252617
2024-09-30 03:02:36,Estable,0.39712256
2024-09-30 03:02:37,Estable,0.39892644
2024-09-30 03:02:37,Estable,0.341266
2024-09-30 03:02:37,Estable,0.37191597
2024-09-30 03:02:37,Estable,0.28409544
2024-09-30 03:02:37,Estable,0.3007479
2024-09-30 03:02:37,Estable,0.25257736
2024-09-30 03:02:37,Estable,0.25416145
2024-09-30 03:02:37,Estable,0.22595596
2024-09-30 03:02:37,Estable,0.19161236
2024-09-30 03:02:37,Estable,0.1745227
2024-09-30 03:02:37,Estable,0.16547652
2024-09-30 03:02:37,Estable,0.15492949
2024-09-30 03:02:37,Estable,0.14727746
2024-09-30 03:02:37,Estable,0.08430252
2024-09-30 03:02:37,Estable,0.0979626
2024-09-30 03:02:37,Estable,0.10247571
2024-09-30 03:02:37,Estable,0.086175606
2024-09-30 03:02:38,Estable,0.064025454
2024-09-30 03:02:38,Estable,0.07143841
2024-09-30 03:02:38,Estable,0.09705816
2024-09-30 03:02:38,Estable,0.1016043
2024-09-30 03:02:38,Estable,0.12434797
2024-09-30 03:02:38,Estable,0.11287302
2024-09-30 03:02:38,Estable,0.13056152
2024-09-30 03:02:38,Estable,0.11166795
2024-09-30 03:02:38,Estable,0.12081225
2024-09-30 03:02:38,Estable,0.10092997
2024-09-30 03:02:38,Estable,0.09980953
2024-09-30 03:02:38,Estable,0.10970959
2024-09-30 03:02:38,Estable,0.10302694
2024-09-30 03:02:38,Estable,0.114301436
2024-09-30 03:02:38,Estable,0.11741848
2024-09-30 03:02:38,Estable,0.11942104
2024-09-30 03:02:38,Estable,0.09844807
2024-09-30 03:02:39,Estable,0.09520618
2024-09-30 03:02:39,Estable,0.10794944
2024-09-30 03:02:39,Estable,0.10689905
2024-09-30 03:02:39,Estable,0.1037197
2024-09-30 03:02:39,Estable,0.105611205
2024-09-30 03:02:39,Estable,0.10186017
2024-09-30 03:02:39,Estable,0.110820256
2024-09-30 03:02:39,Estable,0.08291801
2024-09-30 03:02:39,Estable,0.111440115
2024-09-30 03:02:39,Estable,0.0846783
2024-09-30 03:02:39,Estable,0.09630636
2024-09-30 03:02:39,Estable,0.10565734
2024-09-30 03:02:39,Estable,0.09198318
2024-09-30 03:02:39,Estable,0.1170201
2024-09-30 03:02:39,Estable,0.09301982
2024-09-30 03:02:39,Estable,0.08444133
2024-09-30 03:02:39,Estable,0.0876122
2024-09-30 03:02:39,Estable,0.07452407
2024-09-30 03:02:39,Estable,0.11222939
2024-09-30 03:02:39,Estable,0.07024478
2024-09-30 03:02:40,Estable,0.0805382
2024-09-30 03:02:40,Estable,0.05439397
2024-09-30 03:02:40,Estable,0.064924724
2024-09-30 03:02:40,Estable,0.064365305
2024-09-30 03:02:40,Estable,0.04943828
2024-09-30 03:02:40,Estable,0.053753003
2024-09-30 03:02:40,Estable,0.049900882
2024-09-30 03:02:40,Estable,0.039626293
2024-09-30 03:02:40,Estable,0.037170447
2024-09-30 03:02:40,Estable,0.030332593
2024-09-30 03:02:40,Estable,0.027544718
2024-09-30 03:02:40,Estable,0.01909573
2024-09-30 03:02:40,Estable,0.017826848
2024-09-30 03:02:40,Estable,0.01755126
2024-09-30 03:02:40,Estable,0.017467622
2024-09-30 03:02:40,Estable,0.017499495
2024-09-30 03:02:40,Estable,0.014385696
2024-09-30 03:02:41,Estable,0.016664468
2024-09-30 03:02:41,Estable,0.016184283
2024-09-30 03:02:41,Estable,0.4324584
2024-09-30 03:02:41,Inestable,0.74858606
2024-09-30 03:02:41,Inestable,0.76029325
2024-09-30 03:02:41,Estable,0.2580174
2024-09-30 03:02:41,Estable,0.16690218
2024-09-30 03:02:41,Inestable,0.6634716
2024-09-30 03:02:41,Inestable,0.79273134
2024-09-30 03:02:41,Inestable,0.53790504
2024-09-30 03:02:41,Inestable,0.6326947
2024-09-30 03:02:41,Estable,0.42564228
2024-09-30 03:02:41,Estable,0.42089656
2024-09-30 03:02:41,Estable,0.22621612
2024-09-30 03:02:41,Estable,0.23407128
2024-09-30 03:02:41,Estable,0.274469
2024-09-30 03:02:42,Estable,0.12133401
2024-09-30 03:02:42,Estable,0.11914622
2024-09-30 03:02:42,Estable,0.14764923
2024-09-30 03:02:42,Estable,0.093391284
2024-09-30 03:02:42,Estable,0.08182586
2024-09-30 03:02:42,Estable,0.091429934
2024-09-30 03:02:42,Estable,0.084383786
2024-09-30 03:02:42,Estable,0.069963135
2024-09-30 03:02:42,Estable,0.047617007
2024-09-30 03:02:42,Estable,0.048054103
2024-09-30 03:02:42,Estable,0.04145063
2024-09-30 03:02:42,Estable,0.0490954
2024-09-30 03:02:42,Estable,0.050311908
2024-09-30 03:02:42,Estable,0.084535666
2024-09-30 03:02:42,Estable,0.06442966
2024-09-30 03:02:42,Estable,0.082843475
2024-09-30 03:02:42,Estable,0.097057216
2024-09-30 03:02:42,Estable,0.11889082
2024-09-30 03:02:43,Estable,0.09225636
2024-09-30 03:02:43,Estable,0.17751653
2024-09-30 03:02:43,Estable,0.162222
2024-09-30 03:02:43,Estable,0.20273398
2024-09-30 03:02:43,Estable,0.23224407
2024-09-30 03:02:43,Estable,0.31269822
2024-09-30 03:02:43,Estable,0.32835394
2024-09-30 03:02:43,Estable,0.42753088
2024-09-30 03:02:43,Estable,0.41768593
2024-09-30 03:02:43,Inestable,0.5541805
2024-09-30 03:02:43,Inestable,0.5195876
2024-09-30 03:02:43,Inestable,0.56342834
2024-09-30 03:02:43,Inestable,0.60100615
2024-09-30 03:02:43,Inestable,0.53911567
2024-09-30 03:02:43,Inestable,0.57217765
2024-09-30 03:02:43,Inestable,0.61116505
2024-09-30 03:02:43,Inestable,0.5833652
2024-09-30 03:02:43,Inestable,0.65903956
2024-09-30 03:02:44,Inestable,0.59498394
2024-09-30 03:02:44,Inestable,0.6857838
2024-09-30 03:02:44,Inestable,0.6956794
2024-09-30 03:02:44,Inestable,0.6610786
2024-09-30 03:02:44,Inestable,0.74177825
2024-09-30 03:02:44,Inestable,0.70490706
2024-09-30 03:02:44,Inestable,0.69107974
2024-09-30 03:02:44,Inestable,0.7040042
2024-09-30 03:02:44,Inestable,0.6889716
2024-09-30 03:02:44,Inestable,0.7074312
2024-09-30 03:02:44,Inestable,0.73112786
2024-09-30 03:02:44,Inestable,0.6479895
2024-09-30 03:02:44,Inestable,0.76215863
2024-09-30 03:02:44,Inestable,0.72063345
2024-09-30 03:02:44,Inestable,0.7419231
2024-09-30 03:02:44,Inestable,0.7212019
2024-09-30 03:02:44,Inestable,0.6934061
2024-09-30 03:02:45,Inestable,0.75323284
2024-09-30 03:02:45,Inestable,0.71284974
2024-09-30 03:02:45,Inestable,0.75189674
2024-09-30 03:02:45,Inestable,0.73320985
2024-09-30 03:02:45,Inestable,0.77881455
2024-09-30 03:02:45,Inestable,0.7964279
2024-09-30 03:02:45,Inestable,0.6903492
2024-09-30 03:02:45,Inestable,0.75330424
2024-09-30 03:02:45,Inestable,0.70591867
2024-09-30 03:02:45,Inestable,0.72503084
2024-09-30 03:02:45,Inestable,0.7138312
2024-09-30 03:02:45,Inestable,0.70831794
2024-09-30 03:02:45,Inestable,0.73442566
2024-09-30 03:02:45,Inestable,0.6782563
2024-09-30 03:02:45,Inestable,0.7253924
2024-09-30 03:02:45,Inestable,0.6287377
2024-09-30 03:02:45,Inestable,0.7681682
2024-09-30 03:02:46,Inestable,0.674459
2024-09-30 03:02:46,Inestable,0.7274002
2024-09-30 03:02:46,Inestable,0.60401356
2024-09-30 03:02:46,Inestable,0.74705654
2024-09-30 03:02:46,Inestable,0.5943265
2024-09-30 03:02:46,Inestable,0.74212456
2024-09-30 03:02:46,Inestable,0.5820321
2024-09-30 03:02:46,Inestable,0.6618178
2024-09-30 03:02:46,Inestable,0.53347945
2024-09-30 03:02:46,Estable,0.48206776
2024-09-30 03:02:46,Inestable,0.5040204
2024-09-30 03:02:46,Estable,0.4065549
2024-09-30 03:02:46,Estable,0.43418187
2024-09-30 03:02:46,Estable,0.3735511
2024-09-30 03:02:46,Estable,0.3600614
2024-09-30 03:02:46,Estable,0.29431152
2024-09-30 03:02:46,Estable,0.26323038
2024-09-30 03:02:47,Estable,0.23513731
2024-09-30 03:02:47,Estable,0.21797773
2024-09-30 03:02:47,Estable,0.21361388
2024-09-30 03:02:47,Estable,0.19176912
2024-09-30 03:02:47,Estable,0.21823344
2024-09-30 03:02:47,Estable,0.194332
2024-09-30 03:02:47,Estable,0.21602269
2024-09-30 03:02:47,Estable,0.2033306
2024-09-30 03:02:47,Estable,0.20256269
2024-09-30 03:02:47,Estable,0.24407373
2024-09-30 03:02:47,Estable,0.2091486
2024-09-30 03:02:47,Estable,0.2179115
2024-09-30 03:02:47,Estable,0.20799297
2024-09-30 03:02:47,Estable,0.20776924
2024-09-30 03:02:47,Estable,0.235727
2024-09-30 03:02:47,Estable,0.2626063
2024-09-30 03:02:47,Estable,0.2735661
2024-09-30 03:02:47,Estable,0.28926077
2024-09-30 03:02:47,Estable,0.25033566
2024-09-30 03:02:48,Estable,0.25172988
2024-09-30 03:02:48,Estable,0.2191587
2024-09-30 03:02:48,Estable,0.22182603
2024-09-30 03:02:48,Estable,0.22056349
2024-09-30 03:02:48,Estable,0.22315164
2024-09-30 03:02:48,Estable,0.20354076
2024-09-30 03:02:48,Estable,0.21675102
2024-09-30 03:02:48,Estable,0.18000746
2024-09-30 03:02:48,Estable,0.19505765
2024-09-30 03:02:48,Estable,0.18231364
2024-09-30 03:02:48,Estable,0.18293661
2024-09-30 03:02:48,Estable,0.19366564
2024-09-30 03:02:48,Estable,0.19435021
2024-09-30 03:02:48,Estable,0.19935505
2024-09-30 03:02:48,Estable,0.19786024
2024-09-30 03:02:48,Estable,0.20008737
2024-09-30 03:02:48,Estable,0.20110978
2024-09-30 03:02:48,Estable,0.20075515
2024-09-30 03:02:49,Estable,0.1995266
2024-09-30 03:02:49,Estable,0.19370066
2024-09-30 03:02:49,Estable,0.18864082
2024-09-30 03:02:49,Estable,0.21723682
2024-09-30 03:02:49,Estable,0.22309235
2024-09-30 03:02:49,Estable,0.20305218
2024-09-30 03:02:49,Estable,0.22450043
2024-09-30 03:02:49,Estable,0.19676742
2024-09-30 03:02:49,Estable,0.23166373
2024-09-30 03:02:49,Estable,0.19497174
2024-09-30 03:02:49,Estable,0.23452353
2024-09-30 03:02:49,Estable,0.21867831
2024-09-30 03:02:49,Estable,0.2258783
2024-09-30 03:02:49,Estable,0.2218653
2024-09-30 03:02:49,Estable,0.22812855
2024-09-30 03:02:49,Estable,0.23687217
2024-09-30 03:02:49,Estable,0.2261422
2024-09-30 03:02:49,Estable,0.24325213
2024-09-30 03:02:50,Estable,0.23550713
2024-09-30 03:02:50,Estable,0.26372582
2024-09-30 03:02:50,Estable,0.23785347
2024-09-30 03:02:50,Estable,0.292512
2024-09-30 03:02:50,Estable,0.22661231
2024-09-30 03:02:50,Estable,0.30038905
2024-09-30 03:02:50,Estable,0.23922472
2024-09-30 03:02:50,Estable,0.14412908
2024-09-30 03:02:50,Estable,0.26934582
2024-09-30 03:02:50,Estable,0.21706688
2024-09-30 03:02:50,Estable,0.21188553
2024-09-30 03:02:50,Estable,0.19013816
2024-09-30 03:02:50,Estable,0.17231518
2024-09-30 03:02:50,Estable,0.095945
2024-09-30 03:02:50,Estable,0.087754466
2024-09-30 03:02:50,Estable,0.09225035
2024-09-30 03:02:50,Estable,0.087196104
2024-09-30 03:02:50,Estable,0.07936255
2024-09-30 03:02:51,Estable,0.07960748
2024-09-30 03:02:51,Estable,0.07092569
2024-09-30 03:02:51,Estable,0.07829351
2024-09-30 03:02:51,Estable,0.11931448
2024-09-30 03:02:51,Estable,0.10995607
2024-09-30 03:02:51,Estable,0.1257079
2024-09-30 03:02:51,Estable,0.098410174
2024-09-30 03:02:51,Estable,0.102902584
2024-09-30 03:02:51,Estable,0.118957795
2024-09-30 03:02:51,Estable,0.10353538
2024-09-30 03:02:51,Estable,0.093351655
2024-09-30 03:02:51,Estable,0.086231224
2024-09-30 03:02:51,Estable,0.0755676
2024-09-30 03:02:51,Estable,0.06993163
2024-09-30 03:02:51,Estable,0.057273526
2024-09-30 03:02:51,Estable,0.055407718
2024-09-30 03:02:51,Estable,0.05390588
2024-09-30 03:02:51,Estable,0.04873986
2024-09-30 03:02:52,Estable,0.04547995
2024-09-30 03:02:52,Estable,0.04583303
2024-09-30 03:02:52,Estable,0.039455514
2024-09-30 03:02:52,Estable,0.04488428
2024-09-30 03:02:52,Estable,0.045590207
2024-09-30 03:02:52,Estable,0.052707043
2024-09-30 03:02:52,Estable,0.053762235
2024-09-30 03:02:52,Estable,0.06413809
2024-09-30 03:02:52,Estable,0.06925809
2024-09-30 03:02:52,Estable,0.07474829
2024-09-30 03:02:52,Estable,0.071461596
2024-09-30 03:02:52,Estable,0.08137798
2024-09-30 03:02:52,Estable,0.08360072
2024-09-30 03:02:52,Estable,0.089878745
2024-09-30 03:02:52,Estable,0.09080957
2024-09-30 03:02:52,Estable,0.093852974
2024-09-30 03:02:52,Estable,0.092597745
2024-09-30 03:02:52,Estable,0.0886118
2024-09-30 03:02:53,Estable,0.087158196
2024-09-30 03:02:53,Estable,0.08969821
2024-09-30 03:02:53,Estable,0.08788298
2024-09-30 03:02:53,Estable,0.09302351
2024-09-30 03:02:53,Estable,0.09051065
2024-09-30 03:02:53,Estable,0.09175189
2024-09-30 03:02:53,Estable,0.092600435
2024-09-30 03:02:53,Estable,0.09128503
2024-09-30 03:02:53,Estable,0.09240478
2024-09-30 03:02:53,Estable,0.09125829
2024-09-30 03:02:53,Estable,0.08810841
2024-09-30 03:02:53,Estable,0.09722846
2024-09-30 03:02:53,Estable,0.098714694
2024-09-30 03:02:53,Estable,0.09837861
2024-09-30 03:02:53,Estable,0.09900928
2024-09-30 03:02:53,Estable,0.10106306
2024-09-30 03:02:54,Estable,0.09643563
2024-09-30 03:02:54,Estable,0.10202825
2024-09-30 03:02:54,Estable,0.10209111
2024-09-30 03:02:54,Estable,0.10439142
2024-09-30 03:02:54,Estable,0.104654975
2024-09-30 03:02:54,Estable,0.11962479
2024-09-30 03:02:54,Estable,0.113104366
2024-09-30 03:02:54,Estable,0.12032105
2024-09-30 03:02:54,Estable,0.112149045
2024-09-30 03:02:54,Estable,0.11870701
2024-09-30 03:02:54,Estable,0.11066689
2024-09-30 03:02:54,Estable,0.1241723
2024-09-30 03:02:54,Estable,0.12072402
2024-09-30 03:02:54,Estable,0.12643811
2024-09-30 03:02:54,Estable,0.12131322
2024-09-30 03:02:54,Estable,0.12918076
2024-09-30 03:02:54,Estable,0.12567763
2024-09-30 03:02:54,Estable,0.13586575
2024-09-30 03:02:55,Estable,0.1261052
2024-09-30 03:02:55,Estable,0.13135448
2024-09-30 03:02:55,Estable,0.12100107
2024-09-30 03:02:55,Estable,0.12812515
2024-09-30 03:02:55,Estable,0.1233284
2024-09-30 03:02:55,Estable,0.13059199
2024-09-30 03:02:55,Estable,0.1242938
2024-09-30 03:02:55,Estable,0.13478474
2024-09-30 03:02:55,Estable,0.13020955
2024-09-30 03:02:55,Estable,0.13952795
2024-09-30 03:02:55,Estable,0.13241695
2024-09-30 03:02:55,Estable,0.13768539
2024-09-30 03:02:55,Estable,0.13587004
2024-09-30 03:02:55,Estable,0.1393856
2024-09-30 03:02:55,Estable,0.13690469
2024-09-30 03:02:55,Estable,0.14292793
2024-09-30 03:02:55,Estable,0.13931035
2024-09-30 03:02:55,Estable,0.13478631
2024-09-30 03:02:56,Estable,0.13459092
2024-09-30 03:02:56,Estable,0.13590106
2024-09-30 03:02:56,Estable,0.13917336
2024-09-30 03:02:56,Estable,0.13603573
2024-09-30 03:02:56,Estable,0.13754049
2024-09-30 03:02:56,Estable,0.1447261
2024-09-30 03:02:56,Estable,0.1506614
2024-09-30 03:02:56,Estable,0.16018566
2024-09-30 03:02:56,Estable,0.15078372
2024-09-30 03:02:56,Estable,0.16177875
2024-09-30 03:02:56,Estable,0.16075617
2024-09-30 03:02:56,Estable,0.14859042
2024-09-30 03:02:56,Estable,0.15194222
2024-09-30 03:02:56,Estable,0.15161148
2024-09-30 03:02:56,Estable,0.1576994
2024-09-30 03:02:56,Estable,0.15043072
2024-09-30 03:02:56,Estable,0.16431358
2024-09-30 03:02:56,Estable,0.1469801
2024-09-30 03:02:56,Estable,0.15901572
2024-09-30 03:02:57,Estable,0.151177
2024-09-30 03:02:57,Estable,0.17339921
2024-09-30 03:02:57,Estable,0.1608208
2024-09-30 03:02:57,Estable,0.17308836
2024-09-30 03:02:57,Estable,0.17161946
2024-09-30 03:02:57,Estable,0.1722782
2024-09-30 03:02:57,Estable,0.17504694
2024-09-30 03:02:57,Estable,0.17863977
2024-09-30 03:02:57,Estable,0.16912623
2024-09-30 03:02:57,Estable,0.1760112
2024-09-30 03:02:57,Estable,0.17069495
2024-09-30 03:02:57,Estable,0.16401528
2024-09-30 03:02:57,Estable,0.1624443
2024-09-30 03:02:57,Estable,0.17724514
2024-09-30 03:02:57,Estable,0.16389275
2024-09-30 03:02:57,Estable,0.1763402
2024-09-30 03:02:57,Estable,0.1709149
2024-09-30 03:02:57,Estable,0.17921476
2024-09-30 03:02:58,Estable,0.17503041
2024-09-30 03:02:58,Estable,0.18694523
2024-09-30 03:02:58,Estable,0.18690711
2024-09-30 03:02:58,Estable,0.1930947
2024-09-30 03:02:58,Estable,0.18986464
2024-09-30 03:02:58,Estable,0.18605588
2024-09-30 03:02:58,Estable,0.19274752
2024-09-30 03:02:58,Estable,0.19790372
2024-09-30 03:02:58,Estable,0.19515292
2024-09-30 03:02:58,Estable,0.20210294
2024-09-30 03:02:58,Estable,0.20772387
2024-09-30 03:02:58,Estable,0.20992757
2024-09-30 03:02:58,Estable,0.20878111
2024-09-30 03:02:58,Estable,0.20862906
2024-09-30 03:02:58,Estable,0.20953329
2024-09-30 03:02:58,Estable,0.2127533
2024-09-30 03:02:58,Estable,0.2113134
2024-09-30 03:02:58,Estable,0.21114407
2024-09-30 03:02:58,Estable,0.20006484
2024-09-30 03:02:59,Estable,0.2187813
2024-09-30 03:02:59,Estable,0.20121017
2024-09-30 03:02:59,Estable,0.21550326
2024-09-30 03:02:59,Estable,0.20709455
2024-09-30 03:02:59,Estable,0.22284718
2024-09-30 03:02:59,Estable,0.21274447
2024-09-30 03:02:59,Estable,0.22925578
2024-09-30 03:02:59,Estable,0.21957117
2024-09-30 03:02:59,Estable,0.23842193
2024-09-30 03:02:59,Estable,0.21565875
2024-09-30 03:02:59,Estable,0.23433751
2024-09-30 03:02:59,Estable,0.21866395
2024-09-30 03:02:59,Estable,0.22809312
2024-09-30 03:02:59,Estable,0.22240551
2024-09-30 03:02:59,Estable,0.23434183
2024-09-30 03:02:59,Estable,0.22874726
2024-09-30 03:02:59,Estable,0.23879625
2024-09-30 03:02:59,Estable,0.23498033
2024-09-30 03:02:59,Estable,0.25207084
2024-09-30 03:02:59,Estable,0.2433744
2024-09-30 03:03:00,Estable,0.2518942
2024-09-30 03:03:00,Estable,0.23511131
2024-09-30 03:03:00,Estable,0.25624722
2024-09-30 03:03:00,Estable,0.25331834
2024-09-30 03:03:00,Estable,0.2554843
2024-09-30 03:03:00,Estable,0.2629578
2024-09-30 03:03:00,Estable,0.26973754
2024-09-30 03:03:00,Estable,0.26139683
2024-09-30 03:03:00,Estable,0.26983815
2024-09-30 03:03:00,Estable,0.27271858
2024-09-30 03:03:00,Estable,0.273099
2024-09-30 03:03:00,Estable,0.27373442
2024-09-30 03:03:00,Estable,0.28452185
2024-09-30 03:03:00,Estable,0.27595374
2024-09-30 03:03:00,Estable,0.2769486
2024-09-30 03:03:00,Estable,0.28588527
2024-09-30 03:03:00,Estable,0.28752127
2024-09-30 03:03:01,Estable,0.28163692
2024-09-30 03:03:01,Estable,0.29862905
2024-09-30 03:03:01,Estable,0.28849754
2024-09-30 03:03:01,Estable,0.28958294
2024-09-30 03:03:01,Estable,0.2984736
